email,projectId,allocation_start,allocation_end
cmcclintockon@pinterest.com,pr_201,2024-04-25,2024-05-23
kmaccartermn@sciencedaily.com,pr_440,2024-12-27,2025-01-17
mthreaderdh@bloglovin.com,pr_748,2024-05-18,2024-06-01
ndeh6@booking.com,pr_241,2024-11-02,2024-11-16
,pr_711,2024-06-28,2024-07-19
sgostykehs@acquirethisname.com,pr_591,2024-02-25,2024-03-10
ibarthelr4@bigcartel.com,pr_778,2024-04-24,2024-05-22
jcomar9q@angelfire.com,pr_356,2024-07-07,2024-08-04
candroletti1b@cpanel.net,pr_369,2024-02-14,2024-02-28
lferries1e@bravesites.com,pr_741,2024-08-26,2024-09-23
nstainburnmy@examiner.com,pr_370,2024-09-02,2024-09-23
cdeshonll@yahoo.com,pr_649,2024-07-21,2024-08-18
ahazelgrove6l@timesonline.co.uk,pr_197,2024-08-28,2024-09-18
mgoodladm1@lycos.com,pr_591,2024-05-19,2024-06-09
dhollingsbeejm@google.com.br,pr_191,2024-11-22,2024-12-20
fjenkin6b@cnbc.com,pr_792,2024-03-20,2024-04-10
vharrierb@smugmug.com,pr_840,2025-01-03,2025-01-17
ggarlickelo@github.com,pr_523,2024-09-04,2024-09-25
fhallwoodd1@who.int,pr_456,2024-02-09,2024-03-08
gkeary5k@livejournal.com,pr_826,2024-09-18,2024-10-16
adunton1i@webnode.com,pr_827,2024-11-02,2024-11-30
,pr_715,2024-05-14,2024-05-28
jbusk22@ftc.gov,pr_463,2024-06-02,2024-06-23
zgoudieja@bizjournals.com,pr_852,2024-09-20,2024-10-11
mkinzel8g@angelfire.com,pr_841,2024-11-10,2024-12-01
mheinekeniu@zimbio.com,pr_523,2024-09-17,2024-10-01
,pr_817,2024-06-14,2024-06-28
twandrachkn@ocn.ne.jp,pr_52,2024-09-11,2024-09-25
geberleo0@ibm.com,pr_103,2024-10-12,2024-11-02
athon7r@businesswire.com,pr_736,2024-04-29,2024-05-13
kkidnerm9@hao123.com,pr_700,2024-09-08,2024-10-06
edeinert6o@tamu.edu,pr_437,2024-09-17,2024-10-15
kchoppinge3@noaa.gov,pr_905,2024-05-29,2024-06-19
dgettens4i@google.com.au,pr_314,2024-07-07,2024-08-04
jsmall7h@people.com.cn,pr_740,2024-03-03,2024-03-24
lwalworthow@studiopress.com,pr_292,2024-06-20,2024-07-18
sborges4y@amazon.com,pr_672,2024-04-18,2024-05-09
gkearfordo4@sbwire.com,pr_13,2024-06-09,2024-06-23
cautrye@mit.edu,pr_740,2024-03-03,2024-03-17
hpabelio@prweb.com,pr_591,2024-06-13,2024-07-04
stulip9r@fotki.com,pr_600,2024-06-13,2024-07-04
tengledowng@fda.gov,pr_110,2024-02-17,2024-03-02
wbirminghamq5@google.com,pr_639,2024-06-23,2024-07-14
rdallander1n@umich.edu,pr_191,2025-01-21,2025-02-11
bkerbyab@omniture.com,pr_416,2024-10-16,2024-11-06
gbleymanqy@state.gov,pr_718,2024-04-18,2024-05-02
vtomasik7j@indiegogo.com,pr_780,2024-03-13,2024-03-27
efearaz@nsw.gov.au,pr_350,2024-06-21,2024-07-12
orous3t@state.tx.us,pr_392,2024-05-30,2024-06-27
kkidnerm9@hao123.com,pr_905,2024-05-15,2024-06-05
bgon4m@sohu.com,pr_267,2024-11-24,2024-12-22
mborleaceo1@w3.org,pr_127,2024-10-09,2024-10-30
edeinert6o@tamu.edu,pr_682,2024-08-29,2024-09-12
dellcockbn@samsung.com,pr_378,2024-11-26,2024-12-10
lcockroft1z@chronoengine.com,pr_351,2024-03-31,2024-04-21
dcromeda@kickstarter.com,pr_915,2024-08-23,2024-09-20
gyettse2@cam.ac.uk,pr_531,2025-01-17,2025-02-07
raery2o@istockphoto.com,pr_576,2025-01-16,2025-02-13
kcordsl5@php.net,pr_806,2025-01-05,2025-01-19
mwillowaybk@icio.us,pr_733,2024-12-31,2025-01-21
,pr_161,2024-11-24,2024-12-22
rdantonia2@forbes.com,pr_682,2024-09-12,2024-10-10
bhansardky@dmoz.org,pr_929,2024-10-23,2024-11-06
mphilippeqe@ucla.edu,pr_591,2024-02-20,2024-03-05
rkervin5i@bloglovin.com,pr_616,2024-08-04,2024-09-01
lcucinotta9k@angelfire.com,pr_383,2024-06-12,2024-07-03
cbrayforddk@google.it,pr_899,2024-11-23,2024-12-14
yclaricoatesoy@ucla.edu,pr_792,2024-03-06,2024-04-03
rcozzime@vimeo.com,pr_264,2024-03-24,2024-04-14
,pr_450,2024-02-04,2024-03-03
mphilippeqe@ucla.edu,pr_201,2024-10-29,2024-11-12
hnanakt@whitehouse.gov,pr_597,2024-04-11,2024-05-09
vsans9p@mit.edu,pr_201,2024-11-05,2024-12-03
brohanoq@chicagotribune.com,pr_540,2024-10-21,2024-11-18
solivi7z@businessinsider.com,pr_305,2024-12-26,2025-01-09
jmoriarty1f@arizona.edu,pr_114,2024-03-05,2024-04-02
egrishechkinb1@mysql.com,pr_810,2024-12-11,2024-12-25
pwhall54@wp.com,pr_850,2024-08-28,2024-09-18
mkinzel8g@angelfire.com,pr_305,2024-04-28,2024-05-26
lgavozzimr@wordpress.com,pr_172,2024-07-29,2024-08-19
,pr_395,2024-11-01,2024-11-15
yclaricoatesoy@ucla.edu,pr_514,2024-05-18,2024-06-15
thulsonqp@ox.ac.uk,pr_600,2024-06-13,2024-07-11
htunnock6g@creativecommons.org,pr_520,2024-09-17,2024-10-01
cpoplee5u@bravesites.com,pr_60,2024-06-08,2024-07-06
flammerichhp@umich.edu,pr_773,2025-01-02,2025-01-23
,pr_98,2024-03-16,2024-03-30
jkirsopnm@unblog.fr,pr_76,2024-10-22,2024-11-19
jchasteney76@arizona.edu,pr_10,2024-06-24,2024-07-15
fbarlthrop8e@cam.ac.uk,pr_488,2024-06-19,2024-07-10
vwinterton9z@virginia.edu,pr_651,2024-03-05,2024-04-02
fmcgaughaydr@state.gov,projectId,2024-07-11,2024-08-01
boakeshottfh@xinhuanet.com,pr_228,2024-03-14,2024-04-11
heylesdv@huffingtonpost.com,pr_741,2024-08-26,2024-09-16
nkarolczykk3@loc.gov,pr_915,2024-12-12,2024-12-26
cschulke68@g.co,pr_795,2024-04-20,2024-05-04
scopestickmo@google.ca,pr_90,2025-01-05,2025-02-02
lfleoteb6@google.es,pr_15,2024-11-14,2024-12-12
,pr_317,2024-11-08,2024-11-22
dtoopin51@ihg.com,pr_664,2024-08-24,2024-09-21
bodamsiw@people.com.cn,pr_96,2025-01-16,2025-02-06
mheinerix@goodreads.com,pr_700,2024-07-12,2024-08-02
mbroadfootpf@yale.edu,pr_544,2024-08-05,2024-09-02
fwrayee@facebook.com,pr_674,2024-03-02,2024-03-30
ktappinc6@twitter.com,pr_955,2025-01-08,2025-01-22
rsams7d@geocities.com,pr_757,2024-05-12,2024-06-02
jseson4@wikipedia.org,pr_826,2024-08-20,2024-09-10
tengledowng@fda.gov,pr_899,2024-02-24,2024-03-23
asutworthpu@shutterfly.com,pr_604,2024-04-26,2024-05-24
pklichen9@harvard.edu,pr_746,2024-09-11,2024-10-02
nandreevk7@cnbc.com,pr_465,2024-07-24,2024-08-07
cmewton3r@army.mil,pr_739,2024-03-13,2024-04-03
mplesingk5@bbc.co.uk,pr_412,2024-12-27,2025-01-17
etuffley20@ibm.com,pr_232,2025-01-22,2025-02-19
nqueenie@tuttocitta.it,pr_346,2024-09-02,2024-09-23
collingtonp1@google.it,pr_593,2024-11-30,2024-12-21
zkellard6v@jiathis.com,pr_472,2024-03-13,2024-03-27
,pr_649,2025-01-11,2025-02-08
ftottle31@tumblr.com,pr_229,2024-10-29,2024-11-12
ttimblettkz@shinystat.com,pr_591,2024-05-26,2024-06-16
rbranchetml@usnews.com,pr_962,2025-01-11,2025-02-08
aredbournhz@japanpost.jp,pr_228,2024-02-29,2024-03-14
lrenfrewfg@vistaprint.com,pr_124,2024-03-20,2024-04-17
elambrickoi@freewebs.com,pr_124,2024-09-26,2024-10-10
esommervillees@upenn.edu,pr_554,2024-07-18,2024-08-08
bplanrg@apache.org,pr_751,2024-05-13,2024-06-10
kbufferynf@tinyurl.com,pr_731,2024-12-25,2025-01-15
pdabourneqb@businesswire.com,pr_789,2024-07-10,2024-07-31
tpiffordo8@dell.com,pr_51,2024-08-02,2024-08-16
mcraythornm6@domainmarket.com,pr_724,2024-08-09,2024-08-30
grickabyqj@t.co,pr_576,2025-01-23,2025-02-13
tdel1v@indiegogo.com,pr_741,2024-08-03,2024-08-17
glepk@howstuffworks.com,pr_51,2024-07-19,2024-08-02
ccolwell2@studiopress.com,pr_645,2024-12-10,2024-12-24
ebickerdyke7y@imgur.com,pr_193,2024-11-10,2024-12-08
ncaigq0@creativecommons.org,pr_470,2024-01-17,2024-02-07
etennockbo@bing.com,pr_637,2024-02-19,2024-03-18
bgon4m@sohu.com,pr_74,2024-02-26,2024-03-25
dblanketj0@businesswire.com,pr_146,2024-11-11,2024-12-02
sstroodke@vistaprint.com,pr_16,2024-02-12,2024-02-26
,pr_966,2024-03-24,2024-04-21
afeast49@cloudflare.com,pr_512,2024-03-14,2024-03-28
mmoule2n@twitter.com,pr_368,2024-06-21,2024-07-05
rstockaunx@gravatar.com,pr_215,2024-12-21,2025-01-18
msolesbury5s@illinois.edu,pr_185,2024-01-25,2024-02-08
bneilus33@samsung.com,pr_870,2024-07-10,2024-08-07
swhittingtonft@joomla.org,pr_185,2024-01-18,2024-02-15
mlanninno@tinypic.com,pr_513,2024-11-18,2024-12-09
gyettse2@cam.ac.uk,pr_564,2024-03-11,2024-04-08
kteck8z@columbia.edu,pr_532,2024-04-17,2024-05-01
breaderc5@smh.com.au,pr_511,2025-01-02,2025-01-30
ibarthelr4@bigcartel.com,pr_559,2024-09-16,2024-10-14
breedsb5@opera.com,pr_399,2024-04-18,2024-05-02
mcrallan7e@fc2.com,pr_602,2024-09-27,2024-10-18
,pr_195,2024-06-02,2024-06-16
fcoghlinfz@usgs.gov,pr_646,2024-05-13,2024-05-27
hlardinermj@chronoengine.com,pr_887,2024-04-12,2024-05-03
ddorningfx@altervista.org,pr_859,2024-05-15,2024-05-29
ckynastonfs@newsvine.com,pr_163,2024-05-17,2024-06-14
amaaselj@state.gov,pr_898,2024-11-21,2024-12-12
hporcherz@irs.gov,pr_71,2024-06-07,2024-06-28
ctrickettmk@360.cn,pr_587,2024-09-15,2024-10-13
tnevet56@woothemes.com,pr_174,2024-07-09,2024-07-23
jbaumannpi@ycombinator.com,pr_955,2024-03-21,2024-04-18
pvon16@blog.com,pr_317,2024-07-22,2024-08-12
dbalfrep8@answers.com,pr_965,2024-11-23,2024-12-14
mmcmurrugh4x@upenn.edu,pr_181,2024-08-29,2024-09-12
,pr_255,2024-02-28,2024-03-27
mchristol5p@godaddy.com,pr_365,2024-06-03,2024-07-01
cboorn27@ucoz.ru,pr_591,2024-06-20,2024-07-04
bprandyrk@hhs.gov,pr_195,2024-01-27,2024-02-24
pillsleync@pbs.org,pr_975,2024-08-13,2024-09-03
ckynaston7x@jiathis.com,pr_107,2025-01-05,2025-01-19
tallsoppqh@free.fr,pr_674,2024-03-02,2024-03-23
cmewton3r@army.mil,pr_614,2024-08-19,2024-09-16
nmedlinis@fastcompany.com,pr_269,2024-07-19,2024-08-09
sloncasterba@shop-pro.jp,pr_800,2024-05-30,2024-06-13
jtantongs@freewebs.com,pr_747,2024-07-22,2024-08-12
tguidottimu@google.it,pr_328,2024-05-15,2024-06-05
jandrichak3a@mac.com,pr_255,2024-02-28,2024-03-20
facasterrf@slashdot.org,pr_431,2024-03-30,2024-04-27
awybrew29@nps.gov,pr_999,2024-12-19,2025-01-02
fmorelandrl@state.tx.us,pr_337,2024-07-28,2024-08-18
jcranglemq@is.gd,pr_649,2024-07-28,2024-08-25
mbaumerm4@domainmarket.com,pr_567,2024-11-13,2024-12-11
kmctrustramlg@bbc.co.uk,pr_313,2024-10-11,2024-11-01
ajephson63@wikimedia.org,pr_815,2024-11-27,2024-12-18
jcranglemq@is.gd,pr_788,2024-05-12,2024-06-09
kruddiforth3i@mapy.cz,pr_91,2024-07-15,2024-08-05
kkupkemv@quantcast.com,pr_575,2024-02-14,2024-02-28
rdallander1n@umich.edu,pr_582,2024-07-15,2024-07-29
fdearan6c@princeton.edu,pr_410,2025-01-31,2025-02-14
erowselr5@sohu.com,pr_776,2024-04-13,2024-04-27
vharesnapei2@themeforest.net,pr_515,2024-06-30,2024-07-21
fstannis4t@yolasite.com,pr_437,2024-10-01,2024-10-15
aimortoo@harvard.edu,pr_105,2024-02-01,2024-02-15
rpedraccikk@pagesperso-orange.fr,pr_352,2024-12-14,2025-01-04
ptailepw@last.fm,pr_206,2024-03-25,2024-04-08
kiddensoh@ebay.co.uk,pr_725,2024-09-28,2024-10-26
bbaiyle4q@yolasite.com,pr_260,2024-12-06,2025-01-03
ctrickettmk@360.cn,pr_78,2025-01-09,2025-01-23
zthingo3@rediff.com,pr_909,2024-05-09,2024-05-23
vharesnapei2@themeforest.net,pr_18,2024-07-10,2024-08-07
bsearycz@nymag.com,pr_51,2024-07-12,2024-08-02
cmcsheaq8@php.net,pr_746,2024-07-04,2024-08-01
lrosendallgb@ucsd.edu,pr_676,2024-04-20,2024-05-18
sdevenish92@vinaora.com,pr_773,2025-01-02,2025-01-30
jjansemab@reverbnation.com,pr_447,2024-01-19,2024-02-02
afordynp@amazon.de,pr_957,2024-03-31,2024-04-28
nrubbensj@clickbank.net,pr_663,2024-02-15,2024-03-07
,pr_370,2024-08-26,2024-09-16
usazio2e@tuttocitta.it,pr_727,2024-10-25,2024-11-15
tmullarkey3l@independent.co.uk,pr_741,2024-08-31,2024-09-14
ccumberpatcho6@netvibes.com,pr_721,2024-06-26,2024-07-17
icrouchkp@photobucket.com,pr_262,2024-03-18,2024-04-15
pvon16@blog.com,pr_773,2024-12-19,2025-01-02
,pr_716,2024-10-07,2024-11-04
rguiter@usnews.com,pr_867,2024-07-12,2024-08-09
lwalworthow@studiopress.com,pr_523,2024-04-09,2024-04-23
,pr_518,2024-09-02,2024-09-16
bgreenfieldnb@ning.com,pr_614,2024-08-05,2024-08-26
aoakeyl9@1688.com,pr_211,2024-03-28,2024-04-25
bmeffan3e@goodreads.com,pr_60,2024-03-08,2024-03-22
bwornhamp6@i2i.jp,pr_790,2025-01-02,2025-01-23
esommervillees@upenn.edu,pr_971,2024-12-31,2025-01-21
efardy8a@live.com,pr_814,2024-08-15,2024-08-29
ahazelgrove6l@timesonline.co.uk,pr_973,2024-06-01,2024-06-22
eriping1g@techcrunch.com,pr_600,2024-05-23,2024-06-20
agabbott4c@alexa.com,pr_174,2024-08-24,2024-09-14
rbazleyd9@angelfire.com,pr_268,2024-06-05,2024-06-19
dmerrilees2h@redcross.org,pr_251,2024-05-03,2024-05-31
msolesbury5s@illinois.edu,pr_558,2025-02-06,2025-02-20
sclaptonb3@umich.edu,pr_31,2024-09-18,2024-10-16
ccawley7g@buzzfeed.com,pr_249,2024-04-16,2024-05-07
bvaincn@amazon.co.jp,pr_838,2024-05-11,2024-05-25
ddem7@tiny.cc,pr_467,2024-10-07,2024-11-04
lbillingsob@senate.gov,pr_814,2024-12-18,2025-01-08
jradke13@dailymail.co.uk,pr_232,2025-01-22,2025-02-19
shollingby2m@japanpost.jp,pr_323,2024-11-05,2024-11-19
sodellii@whitehouse.gov,pr_88,2024-12-11,2025-01-01
crichensak@wikispaces.com,pr_945,2024-05-04,2024-05-25
sratchfordl6@goo.ne.jp,pr_197,2024-09-25,2024-10-09
rhorburghec@surveymonkey.com,pr_61,2024-09-29,2024-10-13
dgoodingsf@noaa.gov,pr_767,2024-05-12,2024-06-02
orous3t@state.tx.us,pr_440,2024-03-06,2024-04-03
,pr_975,2024-07-28,2024-08-11
dgoodingsf@noaa.gov,pr_309,2024-09-14,2024-09-28
afeldstein9i@parallels.com,pr_263,2024-06-26,2024-07-10
rtopping81@reuters.com,pr_546,2024-06-18,2024-07-16
eborthf4@etsy.com,pr_757,2024-03-21,2024-04-18
tarnaldi8x@narod.ru,pr_576,2024-08-17,2024-09-14
ebickerdyke7y@imgur.com,pr_316,2024-05-15,2024-05-29
zrizzillofn@hatena.ne.jp,pr_736,2024-04-15,2024-05-06
lkordt2a@quantcast.com,pr_11,2024-03-19,2024-04-02
rstockaunx@gravatar.com,pr_461,2024-06-12,2024-07-10
iyakunikovpt@sphinn.com,pr_824,2024-11-02,2024-11-23
bmenichinor9@apple.com,pr_826,2024-09-04,2024-09-18
dmileham12@simplemachines.org,pr_769,2024-02-06,2024-03-05
mwittringtonot@so-net.ne.jp,pr_239,2024-01-28,2024-02-25
scavano@youtu.be,pr_843,2024-07-07,2024-08-04
ayardk2@zdnet.com,pr_311,2024-11-13,2024-12-04
spashkr@g.co,pr_408,2024-06-03,2024-07-01
vhinchon1w@nasa.gov,pr_329,2024-02-10,2024-02-24
lreucastle1m@utexas.edu,pr_305,2024-04-14,2024-04-28
posheerd@ycombinator.com,pr_426,2024-12-04,2024-12-18
ljedrysike5@hao123.com,pr_111,2025-01-17,2025-01-31
ffirbyhg@last.fm,pr_170,2024-08-05,2024-09-02
aitzhakig6@eventbrite.com,pr_605,2024-10-10,2024-10-31
mcamerellofc@dyndns.org,pr_788,2024-06-20,2024-07-18
amaytom73@unesco.org,pr_868,2024-07-31,2024-08-14
zkellard6v@jiathis.com,pr_802,2025-01-13,2025-01-27
pvon16@blog.com,pr_841,2024-11-17,2024-12-15
mberingeriy@google.ca,pr_276,2024-02-15,2024-03-07
scavano@youtu.be,pr_594,2024-07-23,2024-08-13
reyckelbergma@weibo.com,pr_157,2024-03-20,2024-04-17
mtreenni@gov.uk,pr_195,2024-06-09,2024-07-07
mbroadberega@spotify.com,pr_239,2024-01-21,2024-02-18
lkadwallider4v@istockphoto.com,pr_231,2024-02-22,2024-03-21
hvowelsc@ftc.gov,pr_576,2025-01-16,2025-02-06
mbedboroughmw@pagesperso-orange.fr,pr_259,2024-10-30,2024-11-20
gkeary5k@livejournal.com,pr_955,2025-01-08,2025-02-05
dkiossel6j@nature.com,pr_878,2024-05-01,2024-05-29
mcamerellofc@dyndns.org,pr_191,2025-01-07,2025-01-21
lbirtlee0@theatlantic.com,pr_821,2024-04-26,2024-05-10
,pr_929,2024-10-30,2024-11-20
ctretter7p@comsenz.com,pr_349,2024-04-22,2024-05-06
,pr_360,2024-09-06,2024-09-27
jjaume1@fastcompany.com,pr_240,2024-03-14,2024-03-28
mmalthouse66@nbcnews.com,pr_271,2024-06-21,2024-07-05
fhanscombeib@ca.gov,pr_800,2024-10-30,2024-11-27
mbrewse2d@com.com,pr_544,2024-07-29,2024-08-19
pstruttmanmg@chicagotribune.com,pr_649,2025-01-18,2025-02-01
kmollattdm@trellian.com,pr_14,2025-01-19,2025-02-02
ibabbagefy@comsenz.com,pr_194,2024-12-26,2025-01-23
cpoundsford4s@drupal.org,pr_483,2024-11-25,2024-12-09
cautrye@mit.edu,pr_597,2025-01-13,2025-02-10
sratchfordl6@goo.ne.jp,pr_211,2024-03-28,2024-04-11
lscroobyf8@w3.org,pr_109,2024-07-02,2024-07-23
abrunrothdf@simplemachines.org,pr_164,2024-12-21,2025-01-04
,pr_727,2024-02-26,2024-03-18
,pr_187,2024-12-26,2025-01-09
cautrye@mit.edu,pr_485,2024-12-14,2025-01-11
,pr_972,2024-10-07,2024-10-21
scopestickmo@google.ca,pr_618,2024-08-02,2024-08-30
kmckinneyp@typepad.com,pr_873,2024-09-10,2024-10-08
,pr_393,2024-08-07,2024-08-28
fronan5h@netlog.com,pr_739,2024-04-18,2024-05-16
cgheeraertje@istockphoto.com,pr_52,2024-09-25,2024-10-09
sfoucarpd@youku.com,pr_396,2024-12-23,2025-01-13
bbettingtonro@flickr.com,pr_461,2025-01-04,2025-01-18
nspooleh@acquirethisname.com,pr_639,2024-07-11,2024-08-08
sstroodke@vistaprint.com,pr_589,2024-12-15,2025-01-05
,pr_997,2024-08-24,2024-09-14
cdounbare43@unblog.fr,pr_71,2024-01-15,2024-02-05
esommervillees@upenn.edu,pr_688,2024-10-28,2024-11-25
gitskovitz3n@google.pl,pr_747,2024-07-22,2024-08-12
ojeroschc7@mysql.com,pr_19,2025-01-15,2025-02-12
breaderc5@smh.com.au,pr_770,2024-10-18,2024-11-15
fmcgaughaydr@state.gov,pr_718,2024-04-04,2024-04-25
,pr_996,2024-06-16,2024-07-14
ctatfordk@about.com,pr_668,2024-06-22,2024-07-20
ngodwingl@un.org,pr_657,2024-08-03,2024-08-31
sbyrthof@ovh.net,pr_616,2024-03-13,2024-04-10
msurmanhk@admin.ch,pr_447,2024-02-02,2024-03-01
averteypg@about.me,pr_439,2024-10-29,2024-11-19
jkirsopnm@unblog.fr,pr_138,2024-03-21,2024-04-04
lletteresse50@ycombinator.com,pr_103,2024-11-23,2024-12-07
lpasqualelb@ed.gov,pr_939,2024-04-30,2024-05-28
nspooleh@acquirethisname.com,pr_317,2024-05-30,2024-06-20
dvaughnkq@blog.com,pr_392,2025-01-01,2025-01-22
swilsey1c@chron.com,pr_339,2024-11-05,2024-11-19
jdej7@blogger.com,pr_512,2024-03-21,2024-04-04
sgrattageqz@vk.com,pr_826,2024-09-10,2024-10-08
dmalimoebh@dropbox.com,pr_746,2024-09-25,2024-10-16
crafehl@apple.com,pr_398,2024-11-15,2024-12-06
rkennfordb2@delicious.com,pr_220,2024-08-01,2024-08-22
cbrayforddk@google.it,pr_852,2024-04-12,2024-05-10
abohikefw@harvard.edu,pr_651,2024-06-22,2024-07-13
raiton7s@foxnews.com,pr_114,2024-03-05,2024-03-26
,pr_287,2024-03-06,2024-03-27
cskippings61@privacy.gov.au,pr_408,2025-01-18,2025-02-01
cboorn27@ucoz.ru,pr_852,2024-05-10,2024-05-31
lbirtlee0@theatlantic.com,pr_491,2024-03-22,2024-04-19
nmedlinis@fastcompany.com,pr_403,2024-08-14,2024-09-04
,pr_352,2024-12-14,2025-01-04
lfassannr@vkontakte.ru,pr_901,2024-03-29,2024-04-12
collingtonp1@google.it,pr_457,2024-03-19,2024-04-02
csillgf@trellian.com,pr_852,2024-05-03,2024-05-17
svalloweg@ibm.com,pr_74,2024-07-17,2024-07-31
wizaacds@yahoo.co.jp,pr_701,2024-07-18,2024-08-08
lbengough21@si.edu,pr_700,2024-08-02,2024-08-16
ptailepw@last.fm,pr_262,2024-03-04,2024-03-25
sstroodke@vistaprint.com,pr_388,2025-01-14,2025-01-28
kmaccartermn@sciencedaily.com,pr_179,2024-04-24,2024-05-08
goliviir@smh.com.au,pr_576,2024-11-25,2024-12-16
grickabyqj@t.co,pr_767,2024-05-26,2024-06-23
rbranchetml@usnews.com,pr_980,2024-05-15,2024-05-29
mbatthew5b@dion.ne.jp,pr_227,2024-12-10,2024-12-24
tlorentzhv@youtu.be,pr_454,2024-03-21,2024-04-11
hcossorkf@yale.edu,pr_73,2024-08-10,2024-08-24
jlewry3b@narod.ru,pr_767,2024-07-29,2024-08-19
jyoxenq7@netlog.com,pr_103,2024-10-19,2024-11-02
,pr_98,2024-03-09,2024-03-23
aloftingov@g.co,pr_164,2024-06-13,2024-07-04
tgarmstong9@fema.gov,pr_320,2024-03-25,2024-04-22
mwinterborneer@blinklist.com,pr_65,2024-06-21,2024-07-05
crickardssonkw@ucsd.edu,pr_957,2024-03-03,2024-03-31
agrcici8@telegraph.co.uk,pr_193,2024-12-01,2024-12-29
,pr_41,2024-03-07,2024-04-04
jandrichak3a@mac.com,pr_975,2024-07-30,2024-08-27
rbrane8q@nsw.gov.au,pr_107,2025-02-02,2025-03-02
,pr_843,2024-05-01,2024-05-22
fvalero71@flavors.me,pr_763,2024-02-23,2024-03-22
agrcici8@telegraph.co.uk,pr_564,2025-01-05,2025-01-26
dannottei@disqus.com,pr_193,2024-12-01,2024-12-15
aranken10@list-manage.com,pr_491,2024-06-15,2024-07-06
,pr_915,2024-08-30,2024-09-20
rcabell9e@blogspot.com,pr_416,2024-10-23,2024-11-13
lcockroft1z@chronoengine.com,pr_957,2024-03-10,2024-04-07
,pr_408,2024-06-24,2024-07-08
rstedman4l@myspace.com,pr_944,2025-01-02,2025-01-30
vgottjn@independent.co.uk,pr_231,2024-11-27,2024-12-25
tchalcot9t@slashdot.org,pr_996,2024-06-16,2024-06-30
mbrisleycd@alibaba.com,pr_268,2024-05-15,2024-06-12
,pr_826,2024-08-07,2024-09-04
kmasarrata8@latimes.com,pr_927,2024-06-10,2024-07-01
tdenerqt@storify.com,pr_979,2024-10-10,2024-10-31
ctrickettmk@360.cn,pr_164,2024-05-23,2024-06-13
,pr_745,2024-12-21,2025-01-18
jcrushamjj@google.com.au,pr_398,2024-11-22,2024-12-13
rivashchenko4n@wikispaces.com,pr_307,2024-12-25,2025-01-08
jpenchen74@spotify.com,pr_201,2024-10-15,2024-11-12
vharrierb@smugmug.com,pr_514,2024-02-18,2024-03-03
ljoliny@oakley.com,pr_979,2024-10-03,2024-10-31
,pr_317,2024-05-09,2024-05-30
mdymentf3@squarespace.com,pr_821,2024-08-12,2024-09-09
bsagerad@sogou.com,pr_49,2024-07-13,2024-07-27
awittering9w@ihg.com,pr_748,2024-05-25,2024-06-22
sgiorgiettohn@etsy.com,pr_473,2024-08-11,2024-09-08
bmcreynolds2f@freewebs.com,pr_746,2024-07-04,2024-08-01
vharrierb@smugmug.com,pr_657,2025-01-09,2025-01-23
mberingeriy@google.ca,pr_824,2024-10-26,2024-11-23
agillicuddyhf@ycombinator.com,pr_461,2024-05-29,2024-06-26
cmcclintockon@pinterest.com,pr_454,2024-08-13,2024-09-03
sgiorgiettohn@etsy.com,pr_683,2024-05-31,2024-06-28
elillecrapg4@trellian.com,pr_142,2025-01-05,2025-01-19
slidsterhj@chronoengine.com,pr_227,2024-12-17,2025-01-14
jcranglemq@is.gd,pr_825,2024-04-10,2024-05-01
msolesbury5s@illinois.edu,pr_800,2024-12-20,2025-01-17
mcraythornm6@domainmarket.com,pr_468,2024-07-26,2024-08-16
rrevensd3@soup.io,pr_645,2024-11-19,2024-12-03
kcharterisiq@webmd.com,pr_613,2024-07-22,2024-08-12
ctittertonoe@si.edu,pr_445,2024-06-26,2024-07-10
srowsell3c@wikia.com,pr_728,2024-11-22,2024-12-13
yleinweberlw@cocolog-nifty.com,pr_337,2024-07-09,2024-07-23
ctretter7p@comsenz.com,pr_724,2024-06-21,2024-07-05
rbrydell35@state.gov,pr_196,2024-08-11,2024-09-01
dmileham12@simplemachines.org,pr_181,2025-01-04,2025-01-18
cdunfordi7@netlog.com,pr_656,2024-10-10,2024-11-07
,pr_226,2024-06-26,2024-07-17
awimpresslc@chicagotribune.com,pr_727,2024-10-25,2024-11-22
pbaudasso3o@rakuten.co.jp,pr_480,2024-08-19,2024-09-09
kmossq@goo.ne.jp,pr_98,2024-03-09,2024-03-30
kmollattdm@trellian.com,pr_587,2024-03-09,2024-04-06
tmee2b@jalbum.net,pr_715,2024-05-14,2024-05-28
amcallankx@oracle.com,pr_742,2024-03-21,2024-04-04
ncouchere8@cbslocal.com,pr_778,2024-04-10,2024-05-01
rbranchetml@usnews.com,pr_898,2024-11-07,2024-11-28
nandreevk7@cnbc.com,pr_513,2024-11-11,2024-12-02
ccasinf6@flickr.com,pr_746,2024-10-02,2024-10-16
bpaffettaq@w3.org,pr_02,2024-04-12,2024-05-10
,pr_852,2024-09-22,2024-10-20
rmaccumeskeypr@networksolutions.com,pr_239,2024-01-21,2024-02-04
acollingn3@a8.net,pr_743,2024-06-13,2024-07-11
lbillingsob@senate.gov,pr_552,2024-06-10,2024-07-01
lrenfrewfg@vistaprint.com,pr_396,2024-12-14,2025-01-11
swilsey1c@chron.com,pr_975,2024-07-30,2024-08-27
abertrandr1@1und1.de,pr_878,2024-05-22,2024-06-12
jweildish5q@posterous.com,pr_735,2024-10-11,2024-11-08
jfortnamdl@wisc.edu,pr_28,2025-01-05,2025-02-02
crichensak@wikispaces.com,pr_411,2024-07-21,2024-08-04
cmacmechanlm@foxnews.com,pr_37,2024-05-27,2024-06-10
lcollingridgeqn@prweb.com,pr_287,2024-07-03,2024-07-17
sodellii@whitehouse.gov,pr_727,2024-03-04,2024-03-25
jevemy7n@usgs.gov,pr_244,2024-12-04,2025-01-01
mcraythornm6@domainmarket.com,pr_444,2024-07-15,2024-08-05
uraddish65@scientificamerican.com,pr_512,2024-06-08,2024-07-06
rantracklv@qq.com,pr_777,2024-05-01,2024-05-22
kdrance5o@google.ca,pr_915,2024-08-30,2024-09-20
vliversleyfu@zdnet.com,pr_351,2024-03-03,2024-03-31
tpiffordo8@dell.com,pr_321,2024-11-06,2024-11-27
crafehl@apple.com,pr_320,2024-01-20,2024-02-17
jpenchen74@spotify.com,pr_37,2024-06-10,2024-07-08
rdallander1n@umich.edu,pr_142,2025-01-26,2025-02-23
tolander47@springer.com,pr_148,2025-01-08,2025-02-05
icollyer4d@springer.com,pr_846,2024-10-25,2024-11-15
mbutterfintd5@infoseek.co.jp,pr_576,2024-04-20,2024-05-11
hweinberg2j@chicagotribune.com,pr_690,2024-07-15,2024-08-12
cjaskowiczlu@va.gov,pr_614,2024-08-12,2024-09-09
kruddiforth3i@mapy.cz,pr_435,2025-01-20,2025-02-03
pillsleync@pbs.org,pr_523,2024-08-21,2024-09-11
rgiovannellips@imgur.com,pr_241,2024-03-24,2024-04-07
rthunnercliffe5d@cisco.com,pr_826,2024-09-04,2024-09-18
mrosiev@apache.org,pr_382,2024-09-20,2024-10-18
pcordeau3f@discovery.com,pr_76,2024-03-09,2024-03-30
rkervin5i@bloglovin.com,pr_649,2024-12-21,2025-01-18
aitzhakig6@eventbrite.com,pr_771,2024-09-20,2024-10-11
flammerichhp@umich.edu,pr_483,2024-12-03,2024-12-24
rmaccumeskeypr@networksolutions.com,pr_398,2024-10-15,2024-11-12
dmerrilees2h@redcross.org,pr_546,2024-06-11,2024-06-25
bgreenfieldnb@ning.com,pr_480,2024-10-24,2024-11-07
mtyeig@theguardian.com,pr_229,2024-10-08,2024-10-22
hweinberg2j@chicagotribune.com,pr_154,2024-07-09,2024-07-23
jmarthenx@wired.com,pr_485,2024-02-14,2024-03-06
aheinsh69@xinhuanet.com,pr_447,2024-02-16,2024-03-15
sratchfordl6@goo.ne.jp,pr_25,2024-09-23,2024-10-21
abillingsly4k@friendfeed.com,pr_11,2025-01-12,2025-02-09
mgreenacre11@symantec.com,pr_404,2024-08-30,2024-09-20
dnobletta0@vimeo.com,pr_263,2024-07-24,2024-08-21
sangrichi@apple.com,pr_124,2024-09-12,2024-09-26
jbergj6@photobucket.com,pr_398,2024-11-22,2024-12-13
jfortnamdl@wisc.edu,pr_449,2024-08-06,2024-09-03
gandrichak39@wufoo.com,pr_140,2024-08-06,2024-09-03
cyesenevea@webs.com,pr_29,2024-12-17,2024-12-31
bchattock8r@nps.gov,pr_567,2024-11-13,2024-12-11
imacneish7q@opensource.org,pr_868,2024-06-12,2024-07-10
jkirsopnm@unblog.fr,pr_950,2024-05-26,2024-06-23
mgoodbur4g@yandex.ru,pr_613,2024-07-08,2024-08-05
hiliveqx@acquirethisname.com,pr_419,2024-06-17,2024-07-01
ebingham6k@time.com,pr_543,2024-07-31,2024-08-28
fdussyh4@prweb.com,pr_279,2024-06-15,2024-07-13
rsprigginox@fema.gov,pr_61,2024-10-06,2024-11-03
collingtonp1@google.it,pr_112,2024-10-14,2024-11-04
akeatleyqd@hud.gov,pr_312,2024-02-12,2024-02-26
mbrewse2d@com.com,pr_656,2024-04-08,2024-04-29
bmackinnon6t@samsung.com,pr_496,2024-09-29,2024-10-20
jchithamez@economist.com,pr_447,2024-01-19,2024-02-02
abrickwoodqv@list-manage.com,pr_856,2024-02-14,2024-03-06
mthreaderdh@bloglovin.com,pr_843,2024-04-10,2024-04-24
lbodicam53@4shared.com,pr_582,2024-07-29,2024-08-12
wizaacds@yahoo.co.jp,pr_673,2024-02-11,2024-03-10
nricardemd@cornell.edu,pr_154,2024-05-22,2024-06-05
pabercrombieqf@msu.edu,pr_629,2024-02-04,2024-02-25
tkingcoteeo@unblog.fr,pr_856,2024-02-14,2024-03-06
btremouletla@chronoengine.com,pr_155,2024-09-21,2024-10-12
rantracklv@qq.com,pr_531,2024-04-17,2024-05-08
pdabourneqb@businesswire.com,pr_988,2024-09-21,2024-10-19
bsagerad@sogou.com,pr_316,2024-05-15,2024-06-05
sboatwrightco@mail.ru,pr_763,2024-02-16,2024-03-01
sbrennanho@amazon.de,pr_71,2024-02-05,2024-02-19
rlidgelyhq@storify.com,pr_485,2024-02-21,2024-03-20
tallsoppqh@free.fr,pr_790,2025-01-16,2025-02-13
,pr_740,2024-11-13,2024-11-27
solivi7z@businessinsider.com,pr_743,2024-06-20,2024-07-11
ngodwingl@un.org,pr_193,2024-12-01,2024-12-29
fselld@nih.gov,pr_371,2025-01-08,2025-02-05
ajeaysq2@booking.com,pr_421,2024-05-02,2024-05-16
jleftwich3y@spotify.com,pr_370,2024-06-21,2024-07-19
edunabieqq@nbcnews.com,pr_201,2024-10-15,2024-10-29
aheinsh69@xinhuanet.com,pr_715,2024-04-16,2024-04-30
khellewell45@youtube.com,pr_111,2024-12-27,2025-01-24
kcharterisiq@webmd.com,pr_85,2024-08-30,2024-09-27
erowselr5@sohu.com,pr_838,2024-05-18,2024-06-01
dsturrorjd@goo.ne.jp,pr_614,2024-08-05,2024-08-19
hmunnings2i@flavors.me,pr_975,2024-08-13,2024-09-03
,pr_884,2024-09-02,2024-09-30
jkeelinqi@bravesites.com,pr_261,2024-03-28,2024-04-18
spaddond2@comsenz.com,pr_348,2024-11-12,2024-12-10
,pr_343,2024-05-07,2024-05-28
alobbe1s@pen.io,pr_31,2024-09-11,2024-10-09
,pr_428,2024-08-06,2024-09-03
rronchidd@goo.gl,pr_88,2024-11-20,2024-12-18
mjaffrael@yellowbook.com,pr_512,2024-03-21,2024-04-11
mfairfoul5z@aboutads.info,pr_118,2024-02-20,2024-03-05
alowcock78@tinyurl.com,pr_788,2024-05-23,2024-06-06
krobiotm3@usgs.gov,pr_58,2024-09-14,2024-09-28
tdowoz@bloglovin.com,pr_76,2024-10-22,2024-11-19
kcurwoodal@ihg.com,pr_767,2024-05-26,2024-06-16
dhallsh5@usnews.com,pr_942,2024-10-25,2024-11-22
rivashchenko4n@wikispaces.com,pr_648,2024-04-08,2024-05-06
abillingsly4k@friendfeed.com,pr_971,2024-12-17,2024-12-31
gitskovitz3n@google.pl,pr_163,2024-05-24,2024-06-14
elillecrapg4@trellian.com,pr_405,2024-10-15,2024-11-12
ctatfordk@about.com,pr_348,2024-11-26,2024-12-24
rornillos5g@purevolume.com,pr_680,2024-12-03,2024-12-17
msalzburg58@about.com,pr_824,2024-05-23,2024-06-06
eclardgee4@foxnews.com,pr_788,2024-05-12,2024-06-09
gvipan79@businessinsider.com,pr_589,2024-12-29,2025-01-26
ckeatleym@fema.gov,pr_20,2024-08-11,2024-09-01
bcreakaw@pen.io,pr_119,2024-06-19,2024-07-10
,pr_197,2024-09-18,2024-10-16
vdarcob8@upenn.edu,pr_849,2024-02-29,2024-03-21
cbillanie2s@fotki.com,pr_289,2024-02-26,2024-03-25
lfree26@cdc.gov,pr_618,2024-08-30,2024-09-13
ftonnesenm0@columbia.edu,pr_750,2024-12-28,2025-01-18
ajephson63@wikimedia.org,pr_485,2024-03-06,2024-04-03
sdevenish92@vinaora.com,pr_637,2024-03-04,2024-04-01
vclausenm5@discuz.net,pr_98,2024-08-07,2024-09-04
sbrennanho@amazon.de,pr_950,2024-11-06,2024-12-04
ftonnesenm0@columbia.edu,projectId,2024-11-01,2024-11-15
ddefm@wordpress.com,pr_418,2024-11-18,2024-12-16
rsumpnern8@cbsnews.com,pr_96,2024-12-01,2024-12-22
hcastellino3s@163.com,pr_46,2024-10-24,2024-11-21
sratchfordl6@goo.ne.jp,pr_112,2024-11-04,2024-11-25
mbatthew5b@dion.ne.jp,pr_134,2024-09-14,2024-09-28
ofleckness14@sciencedaily.com,pr_685,2024-02-19,2024-03-18
jsmall7h@people.com.cn,pr_191,2024-09-22,2024-10-20
tengledowng@fda.gov,pr_248,2024-10-18,2024-11-08
afranck8b@trellian.com,pr_211,2024-04-30,2024-05-14
vgottjn@independent.co.uk,pr_806,2024-07-07,2024-07-28
tkauble99@livejournal.com,pr_514,2024-02-25,2024-03-17
sjaukovicl@tmall.com,pr_821,2024-08-12,2024-09-09
lfleoteb6@google.es,pr_71,2024-06-07,2024-06-28
hiannazziri@census.gov,pr_503,2024-07-06,2024-07-20
mmoule2n@twitter.com,pr_825,2024-04-24,2024-05-22
jjaume1@fastcompany.com,pr_985,2024-05-03,2024-05-31
kiddensoh@ebay.co.uk,pr_786,2024-02-03,2024-02-17
ckeatleym@fema.gov,pr_795,2024-05-04,2024-05-18
orous3t@state.tx.us,pr_461,2025-01-11,2025-02-01
everdycj@w3.org,pr_939,2024-05-07,2024-05-28
kwhittallhe@opensource.org,pr_524,2024-08-03,2024-08-31
dantushev1x@plala.or.jp,pr_894,2024-05-17,2024-06-14
fhubano7@uol.com.br,pr_694,2024-02-03,2024-02-17
svalloweg@ibm.com,pr_600,2024-05-30,2024-06-20
hwarboysn7@sfgate.com,pr_899,2024-03-16,2024-04-06
mwithringten1r@wufoo.com,pr_591,2024-03-24,2024-04-14
bmcreynolds2f@freewebs.com,pr_11,2024-11-23,2024-12-14
jchasteney76@arizona.edu,pr_776,2024-04-27,2024-05-25
oibankh@wsj.com,pr_727,2024-09-27,2024-10-11
climberth7@state.gov,pr_807,2024-01-30,2024-02-13
,pr_582,2024-08-05,2024-08-26
dannottei@disqus.com,pr_569,2024-03-11,2024-04-01
,pr_31,2024-09-18,2024-10-16
efearaz@nsw.gov.au,pr_821,2024-03-15,2024-03-29
,pr_338,2024-01-23,2024-02-20
cclementeod@geocities.com,pr_194,2024-12-09,2025-01-06
jmengue8u@chron.com,pr_615,2024-02-20,2024-03-19
pstruttmanmg@chicagotribune.com,pr_33,2024-08-07,2024-08-28
pdabourneqb@businesswire.com,pr_171,2024-07-19,2024-08-02
cbrauneshx@wix.com,pr_510,2024-09-05,2024-09-26
ccursons7u@1und1.de,pr_154,2024-07-30,2024-08-13
mwillowaybk@icio.us,pr_867,2024-07-22,2024-08-05
,pr_119,2024-05-29,2024-06-19
bodamsiw@people.com.cn,pr_268,2024-05-22,2024-06-19
mfiddya4@timesonline.co.uk,pr_412,2024-05-28,2024-06-11
rthunnercliffe5d@cisco.com,pr_899,2024-03-02,2024-03-30
hnanakt@whitehouse.gov,pr_690,2024-09-04,2024-09-18
ccawley7g@buzzfeed.com,pr_166,2024-03-23,2024-04-20
,pr_161,2024-11-17,2024-12-15
rivashchenko4n@wikispaces.com,pr_810,2024-03-10,2024-03-24
fhubano7@uol.com.br,pr_116,2024-02-29,2024-03-21
dgettens4i@google.com.au,pr_851,2024-03-15,2024-04-12
mwithringten1r@wufoo.com,pr_02,2024-03-20,2024-04-17
lkadwallider4v@istockphoto.com,pr_262,2024-04-01,2024-04-29
acurtisk6@go.com,pr_96,2024-07-03,2024-07-31
ldudleygg@yolasite.com,pr_800,2024-05-30,2024-06-13
mmalthouse66@nbcnews.com,pr_468,2024-07-12,2024-08-09
ihardan7m@microsoft.com,pr_524,2024-08-27,2024-09-17
,pr_276,2024-02-15,2024-03-07
sdevenish92@vinaora.com,pr_157,2024-03-13,2024-04-03
mroothamai@theglobeandmail.com,pr_669,2024-08-03,2024-08-17
sbiancorm@amazonaws.com,pr_368,2024-07-12,2024-08-09
cyesenevea@webs.com,pr_194,2024-03-14,2024-04-04
cblaisdell6h@uiuc.edu,pr_564,2024-11-12,2024-12-03
misackij@bloglovin.com,pr_659,2024-11-26,2024-12-24
agrcici8@telegraph.co.uk,pr_165,2024-06-12,2024-07-03
gmeasenmp@xinhuanet.com,pr_09,2024-04-04,2024-04-18
owallbanksou@springer.com,pr_97,2024-06-20,2024-07-18
mhedgemankg@merriam-webster.com,pr_339,2024-11-19,2024-12-10
lcucinotta9k@angelfire.com,pr_725,2024-09-07,2024-10-05
ljedrysike5@hao123.com,pr_421,2024-04-25,2024-05-09
boakeshottfh@xinhuanet.com,pr_945,2024-04-13,2024-04-27
edunabieqq@nbcnews.com,pr_170,2024-08-31,2024-09-21
,pr_862,2024-05-14,2024-05-28
dtickleaj@i2i.jp,pr_513,2024-03-08,2024-03-29
mpadmore3u@google.co.uk,pr_56,2024-11-23,2024-12-21
ccasinf6@flickr.com,pr_930,2024-07-26,2024-08-23
mbusherbz@google.com.br,pr_307,2024-10-10,2024-10-31
cmacmechanlm@foxnews.com,pr_674,2024-02-17,2024-03-02
hgressji@nsw.gov.au,pr_826,2024-08-14,2024-08-28
fcoghlinfz@usgs.gov,pr_733,2024-12-17,2024-12-31
candroletti1b@cpanel.net,pr_728,2024-11-29,2024-12-20
cbrayforddk@google.it,pr_60,2024-03-01,2024-03-22
nbadmangq@bluehost.com,pr_909,2024-04-04,2024-05-02
fcopelli3p@blog.com,pr_287,2024-02-14,2024-02-28
ikirdschd8@shareasale.com,pr_575,2024-02-14,2024-03-06
apeddarjs@cnbc.com,pr_775,2024-10-29,2024-11-19
apeddarjs@cnbc.com,pr_84,2024-05-22,2024-06-19
kdallowaylk@ow.ly,pr_748,2024-04-11,2024-05-02
gkilfedderb7@time.com,pr_600,2024-06-13,2024-06-27
vdu4u@fastcompany.com,pr_572,2024-05-11,2024-06-01
daikenheadeb@who.int,pr_937,2024-07-12,2024-08-02
,pr_724,2024-05-31,2024-06-28
mpadmore3u@google.co.uk,pr_445,2024-06-19,2024-07-17
jevemy7n@usgs.gov,pr_352,2024-09-29,2024-10-13
pbrattellj5@technorati.com,pr_483,2024-11-04,2024-11-18
gjellicoj1@booking.com,pr_264,2024-03-17,2024-04-07
dtickleaj@i2i.jp,pr_813,2025-01-24,2025-02-07
rjollypl@vk.com,pr_860,2024-02-13,2024-03-12
ojeroschc7@mysql.com,pr_743,2024-05-30,2024-06-13
pcordeau3f@discovery.com,pr_688,2024-08-22,2024-09-12
afeldstein9i@parallels.com,pr_328,2024-04-26,2024-05-24
,pr_289,2024-02-19,2024-03-11
hlardinermj@chronoengine.com,pr_649,2025-01-18,2025-02-08
elehm@netvibes.com,pr_23,2024-02-16,2024-03-08
cadamowiczet@weibo.com,pr_660,2024-11-21,2024-12-12
ebingham6k@time.com,pr_465,2024-07-17,2024-08-07
apettendrichff@sogou.com,pr_766,2024-08-23,2024-09-20
ahalworth5@java.com,pr_773,2024-12-26,2025-01-16
dantushev1x@plala.or.jp,pr_918,2024-08-14,2024-09-11
,pr_651,2024-07-13,2024-07-27
fpockjp@cocolog-nifty.com,pr_421,2024-05-02,2024-05-30
hweinberg2j@chicagotribune.com,pr_862,2024-04-23,2024-05-07
cseaversd7@noaa.gov,pr_207,2024-04-24,2024-05-22
pdabourneqb@businesswire.com,pr_649,2024-07-21,2024-08-18
apristnorgo@paginegialle.it,pr_936,2024-06-29,2024-07-20
aiglesias2w@admin.ch,pr_543,2024-04-14,2024-04-28
lferries1e@bravesites.com,pr_880,2024-04-04,2024-05-02
gpressland9g@meetup.com,pr_259,2024-10-09,2024-11-06
rsurcombe59@aboutads.info,pr_966,2024-11-05,2024-11-26
rnicklinsonau@imageshack.us,pr_564,2024-11-12,2024-12-03
,pr_690,2024-07-08,2024-08-05
bhubberr6@nasa.gov,pr_499,2024-06-08,2024-06-29
yborlandd6@prlog.org,pr_154,2024-06-05,2024-06-19
wizaacds@yahoo.co.jp,pr_967,2024-04-06,2024-05-04
adorkens46@nhs.uk,pr_480,2024-03-23,2024-04-20
hiliveqx@acquirethisname.com,pr_21,2024-09-06,2024-09-27
kcharterisiq@webmd.com,pr_735,2024-10-11,2024-11-08
apettendrichff@sogou.com,pr_46,2024-10-31,2024-11-14
cjaskowiczlu@va.gov,pr_444,2024-02-22,2024-03-07
msalzburg58@about.com,pr_846,2024-10-04,2024-10-25
bgreenfieldnb@ning.com,pr_65,2024-07-05,2024-08-02
heylesdv@huffingtonpost.com,pr_859,2024-05-29,2024-06-26
yborlandd6@prlog.org,pr_266,2024-07-01,2024-07-15
abrabhamg5@mtv.com,pr_17,2024-04-18,2024-05-09
hnanakt@whitehouse.gov,pr_892,2024-02-22,2024-03-14
ahutchingesf1@nbcnews.com,pr_657,2024-12-04,2025-01-01
bneilus33@samsung.com,pr_741,2024-08-03,2024-08-17
hiliveqx@acquirethisname.com,pr_634,2024-09-02,2024-09-23
aphilipetkd@bing.com,pr_408,2025-02-01,2025-02-22
bplanrg@apache.org,pr_295,2024-12-12,2025-01-02
aoakih@usda.gov,pr_966,2024-03-10,2024-03-31
jyoxenq7@netlog.com,pr_591,2024-02-27,2024-03-12
breedsb5@opera.com,pr_194,2024-12-09,2025-01-06
bespinhara@ucla.edu,pr_616,2024-05-22,2024-06-05
mcraythornm6@domainmarket.com,pr_470,2024-01-17,2024-01-31
zkellard6v@jiathis.com,pr_240,2024-03-21,2024-04-18
rkennfordb2@delicious.com,pr_10,2024-05-27,2024-06-24
amaytom73@unesco.org,pr_819,2024-01-22,2024-02-05
ecrepinlh@yandex.ru,pr_664,2024-07-27,2024-08-24
ddefm@wordpress.com,pr_142,2025-01-12,2025-01-26
ocusickca@cmu.edu,pr_758,2025-01-14,2025-02-11
ctrickettmk@360.cn,pr_742,2024-03-28,2024-04-11
pcareswelleh@php.net,pr_602,2024-10-04,2024-11-01
hpetett18@google.co.jp,pr_826,2024-08-13,2024-09-10
rsprigginox@fema.gov,pr_688,2024-10-21,2024-11-18
,pr_418,2024-08-15,2024-08-29
ctittertonoe@si.edu,pr_558,2025-01-23,2025-02-06
,pr_262,2024-03-04,2024-03-18
wpendleberrygp@instagram.com,pr_584,2024-02-13,2024-03-05
kwaszczykowskic2@ebay.com,pr_843,2024-02-28,2024-03-27
fpockjp@cocolog-nifty.com,pr_408,2025-01-18,2025-02-01
jfortnamdl@wisc.edu,pr_705,2025-01-12,2025-02-09
rronchidd@goo.gl,pr_657,2024-12-11,2025-01-01
ecranneylz@shareasale.com,pr_654,2024-09-28,2024-10-12
grickabyqj@t.co,pr_639,2024-07-21,2024-08-04
fjakubowskin1@shop-pro.jp,pr_228,2024-05-24,2024-06-07
ifairholm9f@qq.com,pr_690,2024-09-04,2024-09-25
bchainey9j@hostgator.com,pr_227,2024-12-17,2025-01-14
topperye7@diigo.com,pr_849,2024-08-05,2024-08-19
mrosiev@apache.org,pr_320,2024-02-03,2024-02-17
jroberts9h@dion.ne.jp,pr_521,2024-11-11,2024-12-09
bdillowfi@engadget.com,pr_648,2024-05-09,2024-05-30
fbarbierek@bbc.co.uk,pr_268,2024-05-29,2024-06-26
dpurves2p@altervista.org,pr_806,2024-12-22,2025-01-05
ddorningfx@altervista.org,pr_350,2024-08-18,2024-09-15
mbarnewalljx@reverbnation.com,pr_195,2024-01-27,2024-02-24
cseaversd7@noaa.gov,pr_98,2024-02-24,2024-03-23
woatenkv@blogspot.com,pr_31,2024-02-10,2024-03-02
mbusherbz@google.com.br,pr_315,2024-08-16,2024-09-06
hthomsen24@blogtalkradio.com,pr_747,2024-03-19,2024-04-16
rgromleykm@ow.ly,pr_926,2024-08-12,2024-09-09
kkettley6w@vistaprint.com,pr_363,2024-03-30,2024-04-27
topperye7@diigo.com,pr_154,2024-07-23,2024-08-06
kgrandisoncf@i2i.jp,pr_789,2024-04-27,2024-05-11
bodamsiw@people.com.cn,pr_33,2024-05-03,2024-05-17
acromleyfl@earthlink.net,pr_201,2024-10-29,2024-11-12
kbernaldo5n@intel.com,pr_448,2024-06-28,2024-07-26
ghutchesonk4@oracle.com,pr_787,2025-01-17,2025-01-31
jphilipson44@lulu.com,pr_668,2024-06-01,2024-06-15
ljedrysike5@hao123.com,pr_399,2024-10-01,2024-10-15
ldudleygg@yolasite.com,pr_679,2024-10-13,2024-11-03
kmcallisterpa@nationalgeographic.com,pr_635,2024-09-11,2024-10-02
ldudleygg@yolasite.com,pr_144,2024-05-06,2024-06-03
tglazzarddy@devhub.com,pr_39,2024-05-03,2024-05-17
rstychecy@cyberchimps.com,pr_639,2024-07-14,2024-08-11
evonl8@mozilla.com,pr_315,2024-12-26,2025-01-09
ahutchingesf1@nbcnews.com,pr_899,2024-03-23,2024-04-06
rbrydell35@state.gov,pr_655,2024-10-23,2024-11-20
awittering9w@ihg.com,pr_427,2025-01-30,2025-02-20
bchattock8r@nps.gov,pr_588,2024-02-01,2024-02-22
bmilroy34@de.vu,pr_103,2024-09-21,2024-10-19
slidsterhj@chronoengine.com,pr_520,2024-09-03,2024-09-24
mwinterborneer@blinklist.com,pr_864,2024-06-10,2024-06-24
svalloweg@ibm.com,pr_616,2024-02-19,2024-03-18
crickardssonkw@ucsd.edu,pr_993,2024-03-07,2024-04-04
nricardemd@cornell.edu,pr_483,2024-12-03,2024-12-17
eclardgee4@foxnews.com,pr_705,2025-01-19,2025-02-09
,pr_106,2025-02-02,2025-03-02
bpaffettaq@w3.org,pr_642,2024-11-20,2024-12-04
fbarleyl4@samsung.com,pr_514,2024-06-01,2024-06-22
raiton7s@foxnews.com,pr_279,2024-05-25,2024-06-22
abewliecx@tiny.cc,pr_430,2024-03-02,2024-03-16
pvon16@blog.com,pr_818,2025-01-31,2025-02-28
ibatrickpj@rambler.ru,pr_231,2024-11-27,2024-12-25
,pr_654,2024-08-31,2024-09-28
,pr_348,2024-10-29,2024-11-12
,pr_241,2024-03-10,2024-03-24
tallsoppqh@free.fr,pr_343,2024-12-07,2024-12-21
jmccole5t@nih.gov,pr_827,2024-11-16,2024-11-30
alemmensey@plala.or.jp,pr_293,2024-09-20,2024-10-11
,pr_915,2024-12-05,2025-01-02
nroly1h@twitter.com,pr_791,2025-01-16,2025-02-13
dchewterbv@webnode.com,pr_401,2024-10-02,2024-10-16
jstoltzo9@boston.com,pr_663,2024-03-07,2024-04-04
lriordanjb@51.la,pr_881,2025-01-30,2025-02-27
agilhooly3v@smh.com.au,pr_685,2024-02-13,2024-03-05
gacorygx@house.gov,pr_468,2024-07-12,2024-07-26
nspooleh@acquirethisname.com,pr_778,2024-04-24,2024-05-22
qroonks@ihg.com,pr_408,2025-01-25,2025-02-15
ssunnucksdj@phoca.cz,pr_320,2024-02-10,2024-02-24
lscroobyf8@w3.org,pr_637,2024-02-12,2024-03-04
aiglesias2w@admin.ch,pr_263,2024-06-26,2024-07-10
tmullarkey3l@independent.co.uk,pr_173,2024-06-29,2024-07-13
vfabbro15@sciencedirect.com,pr_591,2024-03-19,2024-04-09
lbengough21@si.edu,pr_685,2024-02-12,2024-02-26
mhushers@wunderground.com,pr_982,2024-10-26,2024-11-23
srowsell3c@wikia.com,pr_516,2024-05-13,2024-06-03
mcraythornm6@domainmarket.com,pr_870,2025-01-07,2025-01-28
kledurdw@businessweek.com,pr_741,2024-08-19,2024-09-02
tmee2b@jalbum.net,pr_657,2024-07-27,2024-08-17
cmewton3r@army.mil,pr_103,2024-03-30,2024-04-13
cgheeraertje@istockphoto.com,pr_725,2024-10-05,2024-10-26
khellewell45@youtube.com,pr_722,2024-07-22,2024-08-05
cschulke68@g.co,pr_544,2024-03-26,2024-04-16
sbrennanho@amazon.de,pr_248,2024-11-08,2024-11-22
jdredgebm@about.me,pr_60,2024-05-18,2024-06-15
lburdessoc@indiegogo.com,pr_507,2024-03-18,2024-04-01
dbrittindn@va.gov,pr_449,2025-01-02,2025-01-30
oplettshc@opensource.org,pr_814,2024-07-18,2024-08-01
qroonks@ihg.com,pr_118,2024-02-27,2024-03-26
hporcherz@irs.gov,pr_996,2024-07-14,2024-08-04
ljoliny@oakley.com,pr_854,2024-09-09,2024-09-30
wizaacds@yahoo.co.jp,pr_480,2024-09-26,2024-10-10
cnanetti4h@fda.gov,pr_721,2024-06-19,2024-07-10
rorvissnq@arstechnica.com,pr_731,2024-09-10,2024-10-01
nstainburnmy@examiner.com,pr_962,2024-12-28,2025-01-11
tlorentzhv@youtu.be,pr_862,2024-04-16,2024-05-14
mswarbriggej@mlb.com,pr_838,2024-04-20,2024-05-11
mbutterfintd5@infoseek.co.jp,pr_155,2024-10-12,2024-11-02
dgoodingsf@noaa.gov,pr_849,2024-08-05,2024-09-02
mbrisleycd@alibaba.com,pr_576,2025-01-02,2025-01-30
kwaszczykowskic2@ebay.com,pr_293,2024-09-07,2024-09-28
bbaiyle4q@yolasite.com,pr_975,2024-08-13,2024-09-03
jbernardeschi8f@google.de,pr_194,2024-03-21,2024-04-04
harnollc8@whitehouse.gov,pr_675,2024-10-29,2024-11-19
svineyia@cnn.com,pr_864,2025-01-16,2025-02-13
lfassannr@vkontakte.ru,pr_11,2024-11-23,2024-12-07
shazlegroveqc@i2i.jp,pr_845,2024-10-02,2024-10-16
lchaded@studiopress.com,pr_629,2024-12-23,2025-01-20
,pr_260,2024-12-13,2025-01-03
kflanniganoj@blinklist.com,pr_523,2024-03-26,2024-04-16
mcapelinck@ox.ac.uk,pr_370,2024-06-07,2024-07-05
ofleckness14@sciencedaily.com,pr_33,2024-08-07,2024-08-28
omcettigenp9@google.ca,pr_741,2024-08-10,2024-08-31
fjakubowskin1@shop-pro.jp,pr_383,2024-05-22,2024-06-19
jsmall7h@people.com.cn,pr_980,2024-05-08,2024-05-29
rsumpnern8@cbsnews.com,pr_894,2024-07-22,2024-08-05
omcettigenp9@google.ca,pr_990,2024-03-16,2024-03-30
sfoucarpd@youku.com,pr_166,2024-03-09,2024-04-06
gbleymanqy@state.gov,pr_993,2024-03-07,2024-03-21
sfrierrc@dell.com,pr_51,2024-07-05,2024-07-19
brohanoq@chicagotribune.com,pr_287,2024-07-17,2024-08-07
,pr_966,2024-10-08,2024-10-22
gshervilq9@tinyurl.com,pr_656,2024-04-01,2024-04-29
rronchidd@goo.gl,pr_523,2024-09-10,2024-10-01
hiannazziri@census.gov,pr_755,2024-12-22,2025-01-12
bplanrg@apache.org,pr_702,2024-05-06,2024-05-27
rstockaunx@gravatar.com,pr_301,2024-04-05,2024-05-03
,pr_267,2024-11-03,2024-11-17
ngeorgiev9o@yellowbook.com,pr_450,2024-02-04,2024-03-03
elehm@netvibes.com,pr_564,2024-03-11,2024-03-25
,pr_602,2024-09-13,2024-10-04
ahutchingesf1@nbcnews.com,pr_440,2025-01-03,2025-01-24
dgoodingsf@noaa.gov,pr_472,2024-03-06,2024-04-03
owallbanksou@springer.com,pr_965,2024-07-13,2024-08-10
bchainey9j@hostgator.com,pr_648,2024-04-01,2024-04-15
rthunnercliffe5d@cisco.com,pr_614,2024-07-29,2024-08-19
,pr_166,2024-03-02,2024-03-30
cczajka8t@ezinearticles.com,pr_985,2024-05-17,2024-06-14
lbartol9l@thetimes.co.uk,pr_103,2024-05-06,2024-06-03
nconradie9u@usda.gov,pr_71,2024-02-12,2024-02-26
dmerrilees2h@redcross.org,pr_779,2024-10-21,2024-11-18
hsauvanbl@ebay.co.uk,pr_397,2024-12-11,2025-01-01
,pr_523,2024-05-09,2024-06-06
ehayerpm@friendfeed.com,pr_173,2024-12-28,2025-01-18
,pr_899,2024-03-30,2024-04-27
jchessumex@elpais.com,pr_965,2024-11-23,2024-12-07
jjaume1@fastcompany.com,pr_33,2024-05-24,2024-06-21
lwalworthow@studiopress.com,pr_614,2024-08-29,2024-09-19
jbusk22@ftc.gov,pr_672,2024-04-21,2024-05-05
cstollg8@amazonaws.com,pr_173,2024-12-28,2025-01-18
agajownik8n@instagram.com,pr_706,2024-11-28,2024-12-19
alibby8y@unesco.org,pr_774,2024-08-30,2024-09-20
kmasarrata8@latimes.com,pr_757,2024-05-05,2024-05-26
llarwoodpq@free.fr,pr_188,2024-04-27,2024-05-25
kledurdw@businessweek.com,pr_349,2024-10-18,2024-11-01
mbedboroughmw@pagesperso-orange.fr,pr_727,2024-10-18,2024-11-01
harnollc8@whitehouse.gov,pr_165,2024-05-22,2024-06-19
stichnerh3@google.com.hk,pr_837,2024-07-21,2024-08-04
,pr_705,2024-11-13,2024-12-11
ebingham6k@time.com,pr_870,2024-11-16,2024-11-30
bscempeu@npr.org,pr_826,2024-09-10,2024-09-24
ctatfordk@about.com,pr_741,2024-09-02,2024-09-23
claybournec3@artisteer.com,pr_14,2025-01-19,2025-02-02
rgiovannellips@imgur.com,pr_510,2024-08-29,2024-09-26
msolesbury5s@illinois.edu,pr_311,2024-06-21,2024-07-19
jradke13@dailymail.co.uk,pr_343,2024-05-07,2024-05-28
vroger17@google.com.au,pr_853,2024-03-26,2024-04-16
vroger17@google.com.au,pr_251,2024-04-26,2024-05-24
wbleazardbw@comsenz.com,pr_827,2024-11-23,2024-12-07
athon7r@businesswire.com,pr_845,2024-10-16,2024-11-06
hperritt1p@bloomberg.com,pr_558,2025-01-23,2025-02-20
sangrichi@apple.com,pr_996,2024-05-17,2024-06-07
dhollingsbeejm@google.com.br,pr_736,2024-11-24,2024-12-22
,pr_295,2024-04-06,2024-04-20
dgettens4i@google.com.au,pr_295,2024-12-12,2025-01-02
jweildish5q@posterous.com,pr_743,2024-08-23,2024-09-06
lwillshaw8@plala.or.jp,pr_30,2025-01-07,2025-01-21
kmossq@goo.ne.jp,pr_525,2024-12-28,2025-01-25
,pr_29,2024-12-31,2025-01-14
ghasslocherp3@feedburner.com,pr_962,2025-01-11,2025-02-08
mtowndrowdu@123-reg.co.uk,pr_531,2024-02-10,2024-02-24
gellerbyi3@aol.com,pr_482,2024-04-05,2024-04-19
stichnerh3@google.com.hk,pr_739,2024-04-18,2024-05-09
,pr_706,2024-12-19,2025-01-09
,pr_205,2024-06-23,2024-07-07
egrishechkinb1@mysql.com,pr_881,2024-06-25,2024-07-16
lbillingsob@senate.gov,pr_49,2024-06-11,2024-07-02
gmordon9d@is.gd,pr_418,2024-11-18,2024-12-02
jleftwich3y@spotify.com,pr_777,2024-04-10,2024-05-08
fforlonge2x@cyberchimps.com,pr_296,2024-07-21,2024-08-04
tpiffordo8@dell.com,pr_971,2024-12-31,2025-01-21
sodellii@whitehouse.gov,pr_613,2024-07-15,2024-08-05
abewliecx@tiny.cc,pr_773,2025-01-09,2025-02-06
ibarthelr4@bigcartel.com,projectId,2024-10-18,2024-11-01
jalyokhinjz@npr.org,pr_591,2024-07-04,2024-07-25
dmcgann23@nhs.uk,pr_837,2024-05-19,2024-06-16
raspinell94@telegraph.co.uk,pr_496,2024-10-27,2024-11-17
uraddish65@scientificamerican.com,pr_602,2024-09-13,2024-10-11
,pr_770,2024-10-25,2024-11-08
ghasslocherp3@feedburner.com,pr_937,2024-07-19,2024-08-16
cgeale70@opensource.org,pr_295,2025-01-02,2025-01-30
jtantongs@freewebs.com,pr_02,2024-03-06,2024-04-03
jcarmenns@cbsnews.com,pr_523,2024-05-16,2024-06-13
tmaccleay62@soup.io,pr_336,2024-07-26,2024-08-16
,pr_235,2024-04-11,2024-05-09
cautrye@mit.edu,pr_23,2024-02-09,2024-03-01
abrunrothdf@simplemachines.org,pr_161,2024-12-01,2024-12-22
mcamerellofc@dyndns.org,pr_576,2024-05-11,2024-06-08
mlanninno@tinypic.com,pr_44,2024-06-07,2024-07-05
vharrierb@smugmug.com,pr_909,2024-03-14,2024-04-11
egrishechkinb1@mysql.com,pr_142,2025-01-05,2025-02-02
mcronk6@nature.com,pr_824,2024-11-02,2024-11-30
rboxeras@addthis.com,pr_979,2024-10-17,2024-11-07
,pr_488,2024-06-19,2024-07-17
cmcclintockon@pinterest.com,pr_621,2024-12-10,2024-12-31
nspooleh@acquirethisname.com,pr_443,2024-06-22,2024-07-20
rechallierop@marriott.com,pr_34,2025-01-28,2025-02-18
mavraamil@cam.ac.uk,pr_504,2024-12-02,2024-12-23
ddefm@wordpress.com,pr_713,2025-01-02,2025-01-16
ghudel86@nps.gov,pr_756,2024-02-14,2024-02-28
vharesnapei2@themeforest.net,pr_766,2024-08-23,2024-09-06
kwhittallhe@opensource.org,pr_19,2024-01-29,2024-02-26
rjollypl@vk.com,pr_892,2024-02-08,2024-03-07
ibarthelr4@bigcartel.com,pr_172,2024-12-14,2025-01-04
jphilipson44@lulu.com,pr_65,2024-06-14,2024-07-05
wfideler90@bandcamp.com,pr_474,2024-10-31,2024-11-21
hiliveqx@acquirethisname.com,pr_226,2024-06-26,2024-07-17
lbengough21@si.edu,pr_369,2024-05-15,2024-06-05
ivockinskc@japanpost.jp,pr_483,2024-11-26,2024-12-17
rbranchetml@usnews.com,pr_679,2024-10-20,2024-11-17
jkirsopnm@unblog.fr,pr_938,2024-04-15,2024-04-29
jalyokhinjz@npr.org,pr_167,2024-10-30,2024-11-13
bmackinnon6t@samsung.com,pr_591,2024-06-13,2024-07-11
enisius2z@un.org,pr_468,2024-04-12,2024-05-10
avonrq@liveinternet.ru,pr_483,2024-12-17,2025-01-14
rpedraccikk@pagesperso-orange.fr,pr_898,2024-11-14,2024-12-05
mpesakjy@feedburner.com,pr_870,2024-11-29,2024-12-27
kbernaldo5n@intel.com,pr_884,2024-08-26,2024-09-23
rbazleyd9@angelfire.com,pr_189,2024-05-16,2024-06-13
crichensak@wikispaces.com,pr_276,2024-03-07,2024-04-04
irogetbx@paypal.com,pr_724,2024-06-09,2024-06-30
rsprigginox@fema.gov,pr_173,2024-06-22,2024-07-06
hvowelsc@ftc.gov,pr_778,2024-04-10,2024-04-24
geberleo0@ibm.com,pr_479,2024-02-18,2024-03-17
,pr_841,2024-11-03,2024-11-17
egostage8j@oakley.com,pr_187,2024-06-29,2024-07-20
dcaffery3w@businesswire.com,pr_688,2024-04-09,2024-04-30
rechallierop@marriott.com,pr_624,2024-02-27,2024-03-12
swilsey1c@chron.com,pr_906,2024-08-01,2024-08-29
wtoomer1q@ifeng.com,pr_385,2024-11-06,2024-12-04
ctrickettmk@360.cn,pr_391,2024-10-29,2024-11-19
dmerrilees2h@redcross.org,pr_810,2024-05-16,2024-06-13
,pr_465,2024-07-17,2024-07-31
,pr_818,2025-01-10,2025-01-24
zkellard6v@jiathis.com,pr_103,2024-09-21,2024-10-12
nbadmangq@bluehost.com,pr_462,2024-02-11,2024-03-10
ghasslocherp3@feedburner.com,pr_878,2024-05-22,2024-06-05
acromleyfl@earthlink.net,pr_328,2024-04-24,2024-05-08
bkerbyab@omniture.com,pr_343,2024-04-30,2024-05-21
ebateupor@gov.uk,pr_769,2024-10-13,2024-10-27
jtantongs@freewebs.com,pr_490,2024-11-07,2024-11-21
,pr_83,2024-04-14,2024-05-12
hlardinermj@chronoengine.com,pr_973,2024-06-01,2024-06-29
sdudin6x@dagondesign.com,pr_255,2024-03-06,2024-03-20
sodellii@whitehouse.gov,pr_740,2024-11-13,2024-11-27
asutworthpu@shutterfly.com,pr_463,2024-06-09,2024-07-07
bgwynni@usatoday.com,pr_174,2024-06-25,2024-07-16
dpurves2p@altervista.org,pr_720,2024-04-06,2024-04-27
mstandevencv@ning.com,pr_915,2024-12-12,2025-01-02
jseson4@wikipedia.org,pr_305,2024-04-07,2024-05-05
ssunleyql@purevolume.com,pr_340,2024-05-29,2024-06-19
rsumpnern8@cbsnews.com,pr_473,2024-07-11,2024-08-01
gandrichak39@wufoo.com,pr_191,2025-01-07,2025-01-21
adorkens46@nhs.uk,pr_90,2024-12-15,2025-01-05
tengledowng@fda.gov,pr_668,2024-05-25,2024-06-22
jsmall7h@people.com.cn,pr_397,2024-12-11,2024-12-25
mbaumerm4@domainmarket.com,pr_543,2024-07-03,2024-07-24
edunabieqq@nbcnews.com,pr_449,2024-12-26,2025-01-09
